101,"Joe","Castle","M","3500 browning lane","Corning","New York","USA",14830,1208556756
102,"Oliver","Bejah","M","1109 Science center Dive","Boise","Idaho","USA",83702,1208575510
103,"Chan","He","F","4367 Devils Hill Road","Jackson","Mississipi","USA",39211,1601843741
104,"Yimin","Cheng","F","jl. mantap jiwa no 9 kemayoran","Jakarta","Center Jakarta","Indonesia",107415,62873337432
105,"michael","Imam","M","jl. semangat no.3 cengkareng","Jakarta","West Jakarta","indonesia",140145,628139491823
106,"Zahidah","Kassis","F","Discesa Gaiola,18","Filiano","Potenza","Italy",85020,339650620
107,"Franziska","Wulf","F","Vicolo Cieco Fondachetto","Monteforte","Salerno","Italy",84060,339989982
